{
  "test/testsuite.qunit.js.map": 1747949497793,
  "Component.js": 1747945909069,
  "test/integration/pages/RISKList.js": 1747945909097,
  "test/integration/opaTests.qunit.js": 1747945909089,
  "test/integration/FirstJourney.js": 1747945909097,
  "test/testsuite.qunit.js": 1747945909085,
  "xs-app.json": 1747949493233,
  "manifest.json": 1747949493245,
  "test/integration/pages/RISKObjectPage.js": 1747945909097,
  "test/integration/opaTests.qunit-dbg.js": 1747945909089,
  "test/integration/opaTests.qunit.js.map": 1747949497794,
  "test/integration/pages/RISKList-dbg.js": 1747945909097,
  "test/integration/pages/RISKList.js.map": 1747949497793,
  "Component-dbg.js": 1747945909069,
  "Component.js.map": 1747949497790,
  "test/integration/FirstJourney-dbg.js": 1747945909097,
  "test/integration/FirstJourney.js.map": 1747949497794,
  "test/testsuite.qunit-dbg.js": 1747945909085,
  "i18n/i18n.properties": 1747945923089,
  "test/integration/pages/RISKObjectPage-dbg.js": 1747945909097,
  "test/integration/pages/RISKObjectPage.js.map": 1747949497794,
  "Component-preload.js": 1747949497887,
  "Component-preload.js.map": 1747949497887,
  "test/integration/opaTests.qunit.html": 1747945909085,
  "test/testsuite.qunit.html": 1747945909085,
  "test/flpSandbox.html": 1747945909085,
  "index.html": 1747945909069
}